Clean_Name,corr_score_min,corr_score_mean,corr_score_var,data_points,UNS
,1.0,1.0,0.0,2,
0 3 CU STEEL,0.9427755595944493,0.9581188437124665,0.00018004712291708774,3,K12810
1 25CR-0 5MO STEEL,0.29831311230732305,0.3079260739654618,0.00018481806368169003,2,K11597
1 2MN-0 75NI-0 45CU STEEL,0.9566421290774022,0.9640017349893576,4.571127389793827e-05,4,
1 8NI-0 81CU,0.9461589647691411,0.9577076734507889,9.744066325349287e-05,4,
10 AL BRONZE,0.8545097108149906,0.8545097108149906,0.0,1,C61800
1010 STEEL,0.6241963505817848,0.8428941788941542,0.02310423718771384,13,G10100
1020,0.2797055828601458,0.7515416436394529,0.0967159003307238,12,G10200
1020 STEEL,0.4509615515410183,0.7537848443800792,0.05496164160050758,9,G10200
1040 STEEL,0.9031710582573919,0.966042948154237,0.0007613993805562479,8,G10400
1050 STEEL,0.8846944397064769,0.9584598141018384,0.001323928158765014,9,G10500
10CR,0.3425739114728579,0.5887079606655851,0.062479557785825444,10,
1100-H14,0.999869748162524,0.999869748162524,0.0,1,A91100
1135-H14,0.999869748162524,0.999869748162524,0.0,1,A91135
1188-H14,0.999869748162524,0.999869748162524,0.0,1,A91188
1199-H18,0.9999131573306553,0.9999131573306553,0.0,1,A91199
12CR,0.7877036658464717,0.8917004429919597,0.021630659313296635,2,S41000
13CR STEEL,0.718031297231934,0.8558289092065079,0.00972455966777006,4,S41000
14CR,0.7906276949992507,0.7906276949992507,0.0,1,S40500
16-16-1,,,0.0,0,
16NI 8CR 5SI 1CU,0.6376730650484089,0.8462033606383565,0.016455903593102447,5,
16NI 8CR 5SI 1CU 1MO,0.792109894897813,0.9224502914057512,0.006812016755827636,5,
17CR,0.29521255340158264,0.4682735903622966,0.028190183161213658,10,S43000
18 5 CR,0.3507223399974432,0.3507223399974432,0.0,1,S44200
18-8 PLUS,0.9789332927760972,0.9789332927760972,0.0,2,S31600
18-8MO,0.6440525990181933,0.8203020004466155,0.062127703007754234,2,S31600
18-8TI,0.5449424674606055,0.7696821562280172,0.10101585541454619,2,S32100
18CR-1V,0.5092199809343438,0.5092199809343438,0.0,1,
18CR-1V-0 7TI,0.5056318270792695,0.5056318270792695,0.0,1,
18CR-1V-1NI,0.49785916284315224,0.49785916284315224,0.0,1,
18CR-2 6V,0.47157044858669794,0.47157044858669794,0.0,1,
18CR-2 6V-0 7TI,0.6200458888731156,0.6200458888731156,0.0,1,
18CR-2 6V-1NI- 10TI,0.48986165536421117,0.48986165536421117,0.0,1,
18CR-2MO,0.9978386199262116,0.9978386199262116,0.0,2,S18200
18CR-2NI-12MN,0.5366927829465896,0.8007788855752448,0.04434713316105942,7,S24100
18CR-4V,0.4989219858054781,0.4989219858054781,0.0,1,
18CR-4V- 09NB,0.6285099898418801,0.6285099898418801,0.0,1,
18CR-4V- 11TI,0.8304820237218405,0.8304820237218405,0.0,1,
18CR-4V-0 9MO- 11TI,0.9956972201374479,0.9956972201374479,0.0,1,
18CR-4V-1 5NI- 11TI,0.6910095361682882,0.6910095361682882,0.0,1,
18CR-4V-1 5NI-1 1CU,0.5333159078712726,0.5333159078712726,0.0,1,
18CR-4V-1 5NI-1 5SI,0.9266284080291267,0.9266284080291267,0.0,1,
18CR-4V-1NI- 12TI,0.8977117175026231,0.8977117175026231,0.0,1,
18CR-4V-2NI- 12TI,0.7153382790366966,0.7153382790366966,0.0,1,
2 6CR-0 52MO,0.9832519361552844,0.9842703223524583,4.14844178637703e-06,4,
2 NI STEEL,0.9297594953039348,0.9513119247668779,0.0003517497353160515,3,K21703
20,0.9256982492930939,0.961510152444216,0.0005612886871661533,6,J95150
20 CAST ALLOYS ONLY,0.9639237112075716,0.9893636294946764,0.00028994323030369145,4,J95150
20 CB-3,0.4013869212466589,0.6060744953948412,0.03135989388716149,14,N08020
201,,,0.0,0,S20100
2014-T5,0.9714549827555224,0.9718386856106618,2.9445576208415345e-07,2,A92014
2014-T6,0.9997395692944301,0.9997395692944301,0.0,1,A92014
2024-T3,0.892399842751919,0.9780377179472785,0.0022919445229704037,5,A92024
2024-T81,0.9996961925422087,0.9996961925422087,0.0,1,A92024
2024-T86,0.9996528238877496,0.9996528238877496,0.0,1,A92024
2091-T8,0.9427755595944493,0.9580770199702968,0.00046826937926726614,2,A92091
20CB-3,0.43062255242977826,0.8839225091647781,0.029925614890457218,17,N08020
20MO-6,0.6476398521807291,0.8231703046940806,0.06162187951908395,2,N08026
21CR-4NI-0 5CU,0.9427755595944493,0.9427755595944493,0.0,1,
21CR-6 7NI-2 4MO-1 4CU,0.9424401620981424,0.9517138123759753,9.326231058391728e-05,3,
21CR-6NI-9MN,1.0,1.0,0.0,1,S21900
21CR-9NI-3MO-N V,,,0.0,0,
2205,0.9974087512942694,0.9980547542508509,5.564264265492205e-07,4,S31803
22CR-13NI-5MN,0.8770439783937435,0.9374412991599775,0.007295672711478734,2,S20910
254SMO,,,0.0,0,S31254
25CR-22NI-2MO,0.9939982830992363,0.9939982830992363,0.0,1,
26-1,0.9737651807799691,0.9773038373077616,2.504418004337702e-05,2,S44627
26CR-1MO,0.2306988800215415,0.8630825553039733,0.08068259911458596,7,S44627
27CR,0.7725191896008312,0.8841082048691395,0.0249042166571015,2,S44600
29CR-4MO,0.7395451328543522,0.9501526410686889,0.0069239104814987,9,S44700
29CR-4MO-2NI,0.9530907574910641,0.9801387461450147,0.0005888561259935332,3,S44800
2MO-0 4CU STAINLESS STEEL,0.9998914517329706,0.9998914517329706,0.0,1,
3 NICKEL-IRON,0.6910095361682882,0.6910095361682882,0.0,1,
3003-H14,0.999869748162524,0.999869748162524,0.0,1,A93003
3004-H34,0.9998263471021015,0.9998263471021015,0.0,1,A93004
301,0.25,0.8328729281767956,0.06530575319565352,543,S30100
302,0.25,0.8331205015064109,0.0651759519627658,549,S30200
303,0.25,0.7699704142011834,0.08628637622154595,1014,S30300
304,0.21754703824779115,0.8333622754400404,0.056876167212412766,1286,S30400
304L,0.25,0.8327866469452303,0.06462648671048746,556,S30403
304LN,0.25,0.8328729281767956,0.06530575319565352,543,S30453
308,,,0.0,0,S30800
309,0.9989167933168429,0.9989167933168429,0.0,1,S30900
309CB,0.30980021652268125,0.6344441622621699,0.05181004486161061,7,S34700
310,0.28206301094638603,0.5500011870120612,0.09115405910285106,8,S31000
316,0.25,0.8764188317078787,0.042614453267422484,1365,S31600
316 UREA GRADE,0.9348694262147808,0.9484749364173365,0.0003702198157436965,2,
316F,0.25,0.8328729281767956,0.06530575319565352,543,S31620
316L,0.25,0.8640365777987203,0.0548120693708329,587,S31603
316LN,0.25,0.8768315018315018,0.05211819907920826,546,S31653
316TI,0.25,0.8770566727605119,0.052050478467297476,547,S31635
317,0.25,0.8930668377805645,0.03609293555024297,135,S31700
317L,0.25,0.8727634567179328,0.0526213820127753,573,S31703
317LM,,,0.0,0,S31725
317LN,0.25,0.8770566727605119,0.052050478467297476,547,S31725
321,0.25,0.8318014705882353,0.06581000839562344,544,S32100
325,,,0.0,0,S32500
329,0.25,0.8785457910995333,0.05138311527026879,556,S32900
347,0.25,0.8291716991625668,0.066263775027858,561,S34700
3CR12,,,0.0,0,
403,0.25,0.6022458628841607,0.10548665030867309,423,S40300
4043-H14,0.999869748162524,0.999869748162524,0.0,1,A94034
405,0.25,0.6022458628841607,0.10548665030867309,423,S40500
409,0.25,0.606760903702269,0.10623636822387274,425,S40900
40CO-20CR-15NI-7MO,0.34924458360170096,0.6169681642692704,0.12232621929684354,5,
410,0.25,0.6112157420061387,0.10224355287860382,589,S41000
4130,0.6425486044692343,0.7122800437843875,0.009724947257925783,2,G41300
4130 STEEL,0.6986344247631282,0.891278729786533,0.010677203301074143,8,G41300
416,0.25,0.6035714285714285,0.10589413569723834,420,S41600
420,0.25,0.6039192399049881,0.10569293631942088,421,S42000
430,0.25,0.6900636297537615,0.09317484763378693,582,S43000
434,0.25,0.7877358490566038,0.08654570318693516,477,S43400
4340 STEEL,0.8401019661470344,0.8401019661470344,0.0,1,G43400
439,0.3638761213472617,0.5517476591498097,0.08049844506437111,4,S43035
44-CO-31CR-13W,0.7966397701969122,0.9153603151024587,0.006559899429813956,4,
444,0.3599516044570672,0.6608306192015816,0.05474778348986261,28,S44400
446,0.2600294653243268,0.6327789931317399,0.09270990177136493,5,S44600
44CO-31CR-13W,0.412949445986653,0.8657673564025511,0.03495644370899761,54,
5 AL BRONZE,0.9967654415064607,0.9967654415064607,0.0,1,C60800
5 CR,0.8821929204333909,0.9650357779394507,0.0019169575905439707,8,K51545
5 CR STEEL,0.9602525677891274,0.9652104205840738,3.26152410345121e-05,3,K41545
5 NI STEEL,0.9394452483054478,0.9545405091007156,0.00017426949735755738,3,
5005-H34,0.9998263471021015,0.9998263471021015,0.0,1,A95005
5050-H34,0.999869748162524,0.999869748162524,0.0,1,A95050
5052-H34,0.9566421290774022,0.9782342380897519,0.0009324383432023817,2,A95052
5083-0,0.9993494698353768,0.9994794665819728,3.379830825116174e-08,2,A95083
5083-H34,0.9998263471021015,0.9998263471021015,0.0,1,A95083
5083-O,0.9997829541468991,0.9997829541468991,0.0,1,A95083
5086-0,0.9993494698353768,0.9994794665819728,3.379830825116174e-08,2,A95086
5086-H34,0.9998263471021015,0.9998263471021015,0.0,1,A95086
50CO-20CR-15W-10NI,0.8304820237218405,0.9750362566958122,0.002120093662275103,34,
5144-H38,0.999609463328569,0.999609463328569,0.0,1,A95144
5154-H34,0.999869748162524,0.999869748162524,0.0,1,A95154
5154-H38,0.9993927818749868,0.9993927818749868,0.0,1,A95154
53-CO-30CR-4 5W,0.9893899157238002,0.9936751617888802,1.6149906889459444e-05,6,
5357-H34,0.999869748162524,0.999869748162524,0.0,1,A95357
53CO-30CR-4 5W,0.47792701269629995,0.906288519622731,0.021725871024101822,54,
5447-H34,0.999609463328569,0.999609463328569,0.0,1,A95447
5454-H34,0.9993494698353768,0.9995951096200285,6.830308039215885e-08,3,A95454
5454-O,0.999869748162524,0.999869748162524,0.0,1,A95454
5456-0,0.9987439483376693,0.9992851477198854,5.857935426221427e-07,2,A95456
5456-H321,0.9031710582573919,0.9512710960958666,0.003084821000649536,4,A95456
5456-O,0.9998263471021015,0.9998263471021015,0.0,1,A95456
5457-H34,0.9993927818749868,0.9993927818749868,0.0,1,A95457
5CR,0.3638761213472617,0.6108442192149266,0.06407565481016422,10,K51545
5CR-0 5MO STEEL,0.4776868449810208,0.4776868449810208,0.0,1,K41245
5CR-0 5MO-STEEL,0.4761064671776891,0.4761064671776891,0.0,1,K41245
5CR-1 5MO,0.7686217868402407,0.8779736338921103,0.02391565290731095,2,
5CR-MO STEEL,0.9602525677891274,0.9602525677891274,0.0,2,J42045
60-40 CUPRONICKEL,0.9948461868894809,0.9974230934447404,1.3280894789079285e-05,2,
600,0.7906276949992507,0.7906276949992507,0.0,1,N06600
6061-T4,0.9998263471021015,0.9998263471021015,0.0,1,A96061
67ZR-33NI,0.9974087512942694,0.9989901453074849,7.200355419343299e-07,6,
7 ALUMINUM BRONZE,0.9993061658736881,0.999689127666073,9.12927597961877e-08,6,C61000
7-MO,0.9329385073952491,0.9329385073952491,0.0,1,S32900
70-3- CUPRONICKEL,0.75,0.75,0.0,1,C71500
70-30 CUPRONICKEL,0.25,0.8385019822475626,0.03902313357219648,169,C71500
70-30 CUPRONICKEL (MODIFIED),1.0,1.0,0.0,1,C71900
7075-T6,0.8950377619905345,0.9692478149665813,0.0014242710625170024,7,A97075
7075-T73,0.8725028695491559,0.8725028695491559,0.0,1,A97075
7079-T6,0.9997395692944301,0.9997395692944301,0.0,1,A97079
70CU-29NI-1SN,0.9988735699983899,0.9995664935277263,2.1318335248005298e-07,6,
70CU-30NI,0.9394452483054478,0.9769465628601145,0.001054761444996042,3,C71500
718,0.9978386199262116,0.9981259990199517,2.4776023055684065e-07,3,N07718
75-25 CUPRONICKEL,0.9832519361552844,0.9832519361552844,0.0,1,C71300
7CR-MO STEEL,0.9792503710240241,0.9792503710240241,0.0,1,S50300
80-20 CUPRONICKEL,0.6596855036112103,0.8887589863642806,0.017130491369710666,6,C71000
8090-T5,0.9772759308665283,0.9772759308665283,0.0,1,A98090
8090-T6,0.9639237112075716,0.9639237112075716,0.0,1,A98090
8090-T81,0.4269084346677318,0.4269084346677318,0.0,1,A98090
825,0.9956972201374479,0.9979498729399361,2.255308732692547e-06,4,N08825
85-15 CUPRONICKEL + CR,1.0,1.0,0.0,2,C72200
85WC-15CO,0.5010935880000178,0.8367712832463254,0.038982121992626975,5,
85WC-15CO-,0.5056318270792695,0.5056318270792695,0.0,1,
9 CR STEEL,0.8632876209511904,0.8960282927485532,0.0011053633833786945,3,S50400
9 CU STEEL,0.9495968758909883,0.9495968758909883,0.0,1,S50400
90-10 CUPRONICKEL,0.25,0.8286596143515917,0.05571053498619531,122,C70600
904L,,,0.0,0,N08904
90CU-10NI,0.8725028695491559,0.931988015035667,0.007076965067102777,2,C70600
94WC-6CO,0.9602525677891274,0.9717522519722059,0.00026448547262109196,2,
94WC-6CO-,0.756304195516401,0.756304195516401,0.0,1,
94WC-6NI,0.8725028695491559,0.9532244167362606,0.0048914368051183165,3,
9CR-1 5MO STEEL,0.9893899157238002,0.9893899157238002,0.0,1,J82090
A-286,0.8044806038373891,0.8044806038373891,0.0,1,K66286
A242 TYPE 1,0.9772759308665283,0.9967458166461165,2.4377132109749146e-05,21,K11510
A242 TYPE1,0.9796473480859893,0.9796473480859893,0.0,1,K11510
A291,0.522516857506527,0.6583843305936687,0.011075897079918018,9,M11910
A514 TYPE B,0.988149015556005,0.9968935891944856,7.676429065966925e-06,21,K11630
A514 TYPE F,0.9832519361552844,0.9935353106072111,1.4974338129513749e-05,12,K11576
A517 TYPE B,0.988149015556005,0.9968935891944856,7.676429065966925e-06,21,K11630
A517 TYPE F,0.9832519361552844,0.9935353106072111,1.4974338129513749e-05,12,K11576
A588 GRADE A,0.9602525677891274,0.9895773038884318,0.00019850318276043986,19,K11430
ACI CD-4MCU,0.9753187159831225,0.9753187159831225,0.0,1,J93370
ACI CF-8M,0.8725028695491559,0.9446575079715608,0.002758348937766189,5,J92900
ACI CN-7M,0.9792503710240241,0.9792503710240241,0.0,1,J95150
ACI CW-12M,0.9902209406955798,0.9902209406955798,0.0,1,
ADMIRALTY BRASS,0.25,0.796493663328289,0.062021052005255276,117,C44300
ADMIRALTY BRASS ANTIMONIAL,0.2696565538080302,0.2797930670297179,0.0002534333021312133,3,C44400
AL 2014,0.9952713111454883,0.9975730367741338,1.6794252230526586e-06,8,
AL 2205,0.5466560638271702,0.895609561247814,0.025744619827485445,16,S31803
AL 29-4-2,0.8588461779709289,0.977767807353405,0.001180891125675079,25,S44800
AL 29-4C,0.9595256769667236,0.9901004240903549,0.00013370370444948327,13,S44735
AL 6XN,0.9031710582573919,0.9045646145470451,3.883998264864033e-06,2,N08367
AL 904L,0.31263119891108504,0.7108786269732875,0.07431307359135482,7,N08904
AL-1MN-2MG,0.9962948156235395,0.9973534758014188,1.375799605566101e-06,3,
AL-29-4C,,,0.0,0,S44735
AL-3MG,0.991473160522178,0.9967644071652809,1.2481718678283407e-05,4,
AL-6X,,,0.0,0,N08366
AL-6XN,0.6585385709929115,0.7970128909314946,0.02634710968872439,4,N08367
AL-MG2SI,1.0,1.0,0.0,1,
AL-MG2SI ALLOYS,0.5,0.5,0.0,1,
AL29-4-2,0.8502741537276025,0.9408205945089438,0.00301670677735116,7,S44800
ALCLAD 2014-T6,0.9998263471021015,0.9998263471021015,0.0,1,
ALCLAD 2024-T3,0.993575498846656,0.9967226235045901,1.9808787225152918e-05,2,
ALCLAD 3003-H14,0.999869748162524,0.999869748162524,0.0,1,
ALCLAD 5155-H34,0.999869748162524,0.999869748162524,0.0,1,
ALCLAD 6061-T6,0.9998263471021015,0.9998263471021015,0.0,1,
ALCLAD 7075-T6,0.9997829541468991,0.9997829541468991,0.0,1,
ALCLAD 7079-T6,0.999869748162524,0.999869748162524,0.0,1,
ALLCORR,0.42341881428904443,0.8388540015656598,0.03892334500962521,17,N06110
ALLOY 20,0.7686217868402407,0.9345946316223896,0.008866310735875418,5,
ALLOY 200,0.8872289439729029,0.8965935574048005,0.00017539196945775786,2,N02200
ALLOY 400,0.5401731209973589,0.8937491549037937,0.011463781712585205,79,N04400
ALLOY 600,0.33099547926634265,0.8126261583820524,0.04568662576578796,14,N06600
ALLOY 625,0.33285387133565303,0.7563965149899018,0.04030432622571445,116,N06625
ALLOY 690,0.47930370653109755,0.8622930633360734,0.0362709045302535,9,N06690
ALLOY 800,0.3471241605772494,0.3471241605772494,0.0,1,N08800
ALLOY 800H,0.9031710582573919,0.9031710582573919,0.0,1,N08810
ALLOY 825,0.25,0.8774582988518644,0.032532943538796016,95,N08825
ALLOY 825 INCO ALLOYS INTERNATIONAL INC,0.9873254809439799,0.9943342402654677,3.684203041990672e-05,3,N08825
ALLOY 904L,0.38762941252569555,0.7551087114265645,0.036169292152872234,20,N08904
ALLOY 904L MILL-FINISHED,,,0.0,0,N08904
ALLOY B-2,0.5980511219807114,0.9007425932946953,0.008571623942320252,16,N10665
ALLOY C-22,0.48095855130519694,0.8635998609129542,0.025572288429196538,93,N06022
ALLOY C-276,0.43883638827026494,0.8163111918463662,0.032203113682958216,71,N10276
ALLOY C-4,0.3608998227975916,0.7927675887134459,0.03336987652438743,38,N06455
ALLOY C276,,,0.0,0,N10276
ALLOY G,0.3782931349197638,0.7974219693227891,0.04090014671962728,13,N06007
ALLOY G-2,0.9602525677891274,0.9633411973648682,3.815853062456518e-05,4,N06975
ALLOY G-3,0.3991776974050296,0.8159192429562468,0.018865669208645776,24,N06985
ALLOY G-30,0.3991776974050296,0.8173170342536203,0.027754411748278925,29,N06030
ALLOY K-500,0.5695166695789404,0.5695166695789404,0.0,1,N05500
ALLUMINUM (99 0-99 5 ),1.0,1.0,0.0,1,A91199
ALPHA-1,0.551598341054641,0.5581491335467264,8.582576454872488e-05,2,
ALPHA-2,0.3243819727538636,0.4802267466157721,0.01825860803732642,3,
ALTEMP A-286,0.8797236795860713,0.8797236795860713,0.0,1,K66286
ALUMINUM ( 99 5 ),0.5,0.875,0.04838709677419355,32,A91350
ALUMINUM (99 0-99 5 ),0.5,0.8743781177934362,0.036496808066081673,41,A91199
ALUMINUM 99 0-99 5 ),1.0,1.0,0.0,1,A91199
ALUMINUM ALLOY 1100,0.1878908137758174,0.631057323096643,0.05428222972936373,21,A91100
ALUMINUM ALLOYS,0.414083244786221,0.7514598430208274,0.07242786881092018,7,
ALUMINUM BRASS,0.8502741537276025,0.9732474508598359,0.0036309980736870967,6,C68700
ALUMINUM BRONZE,0.25,0.793241621208039,0.05659142002196028,110,C61800
ALUMINUM(99 0-99 5 ),1.0,1.0,0.0,2,A91199
ALUMINUM- MANGANESE ALLOYS,1.0,1.0,0.0,2,
ALUMINUM-MAGNESIUM ALLOYS,1.0,1.0,0.0,4,
ALUMINUM-MANGANESE,1.0,1.0,0.0,1,
ALUMINUM-MANGANESE ALLOYS,0.5,0.9038461538461539,0.04038461538461538,26,
ALUMINUM-SILICON ALLOYS,0.5,0.8333333333333334,0.08333333333333333,3,
ALUMINUM99 0-99 5,1.0,1.0,0.0,1,A91199
ALUMINUMBRONZE,0.7516458563733858,0.7516458563733858,0.0,1,
AM-363,0.25,0.7692307692307693,0.09337044534412957,39,S36300
AM-363 STAINLESS STEEL,1.0,1.0,0.0,1,S36300
AMPCO 8 ALUMINUM BRONZE,0.8502741537276025,0.9095334968097422,0.004187970361756298,74,C61300
AP 65,0.2551280076548626,0.286948839422951,0.0005768117683854253,5,
API N-80 STEEL,0.414083244786221,0.6428186499348169,0.019704581389165702,24,
API N80,0.8545097108149906,0.9411839051114721,0.002214734196031511,18,
ARCHITECTURAL BRONZE,0.25,0.5677083333333334,0.09799890350877191,96,C38500
ARMCO IRON,0.42341881428904443,0.44308315101770446,0.0005224420909887159,4,
ASTM 335 GRADE P11 (1 5CR-0 25MO),0.588591910067779,0.588591910067779,0.0,1,K11597
ASTM 335 GRADE P22 (2CR-1MO),0.48986165536421117,0.48986165536421117,0.0,1,K21590
ASTM 335 GRADE P5 (5CR-0 5MO),0.6241963505817848,0.6241963505817848,0.0,1,K51545
ASTM 335 GRADE P9 (10CR-1MO),0.5419766203817945,0.5419766203817945,0.0,1,S50400
ASTM A106 CARBON STEEL,0.4112918086306602,0.423166922790141,8.713644671200773e-05,4,G10100
ASTM A242 TYPE 1,0.9566421290774022,0.9602985215698275,2.6963853362304868e-05,4,K11510
ASTM A335 GRADE P11 (1 5 CR-0 25 MO),0.28869252115457555,0.28869252115457555,0.0,1,K11597
ASTM A335 GRADE P11 (1 5CR-0 25MO),0.3812066217497452,0.3812066217497452,0.0,1,K11597
ASTM A335 GRADE P22 (2 CR-1 MO),0.2626838175329588,0.2626838175329588,0.0,1,K21590
ASTM A335 GRADE P22 (2CR-1MO),0.2841047919865255,0.2841047919865255,0.0,1,K21590
ASTM A335 GRADE P5 (5 CR-0 5 MO),0.28869252115457555,0.28869252115457555,0.0,1,K51545
ASTM A335 GRADE P5 (5CR-0 5MO),0.33582700497247703,0.33582700497247703,0.0,1,K51545
ASTM A335 GRADE P9 (10 CR-1 MO),0.2841047919865255,0.2841047919865255,0.0,1,S50400
ASTM A335 GRADE P9 (10CR-1MO),0.34196460124938927,0.34196460124938927,0.0,1,S50400
AZ31B,0.2659275664923888,0.62260857977984,0.10546127719932294,9,
AZ61A,0.2636371871307951,0.5081507399873718,0.06773219658378923,8,M11610
AZ63A,0.5117072191244584,0.5748318265913407,0.003305456096964828,3,M11630
AZ92A,0.43062255242977826,0.47179311482698116,0.0016448648084641164,3,M11920
B-2,0.9297594953039348,0.9297594953039348,0.0,1,N10665
B/C TITANIUM,0.9978386199262116,0.9978386199262116,0.0,1,R58640
B/C TITANIUM AND ALLOYS,0.9987007572074322,0.9987007572074322,0.0,2,R58640
B/C-TITANIUM,0.8846944397064769,0.8846944397064769,0.0,1,R58640
BABBITT ALLOY (SN-7 4SB-3 7CU),0.9753187159831225,0.9753187159831225,0.0,1,
BRASS,0.25,0.7631578947368421,0.06963885778275473,95,
BRONZE (90CU-10SN),0.7686217868402407,0.7686217868402407,0.0,1,C52400
C-22,0.9987007572074322,0.9987007572074322,0.0,1,N06022
C-276,0.9965514018750378,0.9965514018750378,0.0,1,N10276
C-MO STEEL,0.8977117175026231,0.9046817643138381,9.716310510105345e-05,2,J12520
C11000,0.8538680406899694,0.9690892410615085,0.0013372765835880103,20,C11000
C26000,0.9978386199262116,0.9985570676605621,1.2388011527842033e-07,6,C26000
C65500,0.9226277020079291,0.9589781215088236,0.000766870916137698,4,C65500
CABOT ALLOY NO 625 CABOT CORP,0.47304957292670674,0.9377330521224904,0.018179305452227262,34,N06625
CABOT NO 625 CABOT CORP,0.9145602410945656,0.9221598681992502,0.00011550866426051344,2,N06625
CARBON STEEL,0.22773276745674667,0.7748419913682646,0.030489176358206683,76,G10100
CARPENTER 20 CARPENTER TECHNOLOGIES CORP,0.7245267751622539,0.9635719710133405,0.006011231599757751,14,
CARPENTER 20 CARPENTER TECHNOLOGIES INC,0.9978386199262116,0.9978386199262116,0.0,1,
CARPENTER 20 CARPENTER TECHNOLOGY CORP,0.25,0.9369460249580002,0.01663662850615602,95,
CARPENTER 20CB3 CARPENTER TECHNOLOGY CORP,0.7245267751622539,0.8782885734377853,0.010087687519904423,7,N08020
CARPENTER 20MO-6 CARPENTER TECHNOLOGY CORP,0.812711509291959,0.8899789960199549,0.005646268492144702,4,N08026
CARPENTER PYROMET ALLOY 102 CARPENTER TECHNOLOGIES CORP,0.48095855130519694,0.7460359591449777,0.05081240109772259,10,
CARPENTER PYROMET ALLOY 102 CARPENTER TECHNOLOGY CORP,0.579953601178403,0.8362159417854604,0.039420829317355084,6,
CARTRIDGE BRASS,0.25,0.623896380451113,0.10339676857868081,110,C26000
CAST ILLIUM G,0.6192344565782457,0.7239595060704223,0.02521691446633072,9,
CAST IRON,0.4013869212466589,0.7899050143065487,0.023983410510710127,34,F10001
CAST STEEL,0.8977117175026231,0.9471397664758434,0.0029283821494080022,4,J02500
CB,0.9893899157238002,0.9893899157238003,1.8488927466117464e-32,3,R04210
CB ALLOY,0.8655490416399658,0.9716983622832523,0.002190937441978303,7,R04261
CB ALLOY WROUGHT 0 75 ZR BAL CB,0.6986344247631282,0.7927858751217641,0.009995007763708052,3,R04261
CB ALLOY WROUGHT 100 CB,0.6910095361682882,0.8062747626539906,0.009172562670114981,9,R04210
CB ALLOY WROUGHT 50 V 50 CB,0.7067270923753284,0.7067270923753284,0.0,1,
CB ALLOY WROUGHT 6 9 TI 0 81 ZR BAL CB,0.5623818557528477,0.7174423626510018,0.048087521599024984,2,
CB ALLOY WROUGHT 8 TI BAL CB,0.6285099898418801,0.7443162665732772,0.01917710205654502,3,
CF-8,0.861053514541099,0.9326491242287558,0.003222737532299983,4,J92600
CHEMICAL LEAD,0.5022031461958567,0.8437635057243015,0.017539665699572993,78,L51120
CHLORIMET 3,0.9893899157238002,0.9929706587994189,2.564344194718377e-05,2,
CHROMIUM,0.17350762461706115,0.1803439646387882,9.347108978533393e-05,2,
CHROMIUM + 0 5PD,0.844101657179932,0.8853650326045294,0.003405332302862529,2,
CHROMIUM + 0 5PT,0.817851091072199,0.8722397495506629,0.005916252342173957,2,
CN-7M,0.5947986391060673,0.8930776804718401,0.023415871426900554,6,J95150
CO MM ERCIAL BRONZE,1.0,1.0,0.0,3,C22000
CO-20CR,0.29414587455303176,0.5408394231741962,0.15841419015820934,3,
CO-CR-NI,0.3247616558082055,0.6577749860689132,0.03664377966924746,30,R31233
COBALT,0.29848536422602767,0.8762370316295126,0.045162859272762285,10,
COMMERCIAL BRONZE,0.25,0.7717391304347826,0.06133540372670807,92,C22000
COPPER,0.2956815377957584,0.9147282101483225,0.025166167675834624,29,
COPPER NICKEL,0.38273353435958046,0.38273353435958046,0.0,1,
COPPER ZINC,0.32254209148477153,0.32254209148477153,0.0,1,
COPPER- TIN,0.3693348408206978,0.3693348408206978,0.0,1,
COPPER-ALUMINUM-IRON,0.9116518111250529,0.9116518111250529,0.0,1,C61300
COPPER-ALUMINUM-SILICON,0.6529636084911308,0.6529636084911308,0.0,1,C62400
COPPER-NICKEL,0.38273353435958046,0.6038441742935629,0.09777983018403041,2,
COPPER-NICKEL-ZINC (75CU-20NI-5ZN),0.994421844995429,0.994421844995429,0.0,1,
COPPER-SILICON,0.7778727505908124,0.7778727505908124,0.0,1,C65500
COPPER-TIN,0.3693348408206978,0.5518479881971268,0.06662209793050014,2,C90700
COPPER-ZINC,0.32254209148477153,0.4240016593327124,0.02058808781578183,2,
CR-PHOS ALLOY,0.9329385073952491,0.9422262855435186,0.00016592473314810713,4,
DEOXIDIZED COPPER,0.4013869212466589,0.8078368410749511,0.05160631291584007,11,C12000
DHP COPPER,0.9993927818749868,0.9996456983209739,5.6731929518604765e-08,6,C12000
DUCTILE AUSTENITIC CAST IRON,0.47304957292670674,0.47304957292670674,0.0,1,F43000
DUCTILE AUSTENITIC CAST IRON TYPE D2,0.5916473312274692,0.5916473312274692,0.0,1,F43000
DUCTILE CAST IRON,0.5557591642691968,0.7665026954547619,0.03638167455854154,5,F30000
DUCTILE IRON (1 5 NI),0.7997312888097641,0.8037278258990912,3.194461741273463e-05,2,
DUCTILE NI-RESIST TYPED2,0.5419766203817945,0.5419766203817945,0.0,1,F43000
DURACHLOR,0.991473160522178,0.991473160522178,0.0,1,
DURANICKEL ALLOY 301,0.7686217868402407,0.9070789399777539,0.00954845045915727,4,
DURICHLOR,0.9329385073952491,0.9329385073952491,0.0,1,
DURIMET 20,0.9175110654168201,0.9583220480867363,0.0033310726129683874,2,J95150
DURIRON,0.756304195516401,0.8270079565095121,0.009998043637141941,2,F47003
E-BRITE,0.22649336606086587,0.8714562424798119,0.05863178738324404,36,S44627
ELECTROLESS NICKEL,0.843495944792308,0.9853642696887707,0.0018217785608820498,13,
ELECTROLYTIC COPPER,0.25,0.8097468514838803,0.05105271785703446,145,C11000
F51,0.25,0.8770566727605119,0.052050478467297476,547,S31803
FE-47CR (FERRITE),0.26045206865654447,0.4524299374327077,0.13273470791994302,4,
FE-47CR (SIGMA),0.2552987219539459,0.4817147336520339,0.10485700564530831,4,
FECRALLOY,0.28206301094638603,0.3192096710347405,0.0027597487114394926,2,
FERRALIUM,0.744921859773347,0.93824296842683,0.009256783361325207,11,S32550
FERRALIUM 225,0.9495968758909883,0.9726470480142181,0.0010626208698210399,2,S32550
FERRALIUM 255,0.47849062358207334,0.9224100106287492,0.025178894560838445,30,S32550
FERRALIUM ALLOY 255,,,0.0,0,S32550
FREE-CUTTING BRASS,0.25,0.5797872340425532,0.09974834134065431,94,C36000
FREE-CUTTRING BRASS,0.25,0.25,0.0,1,C36000
G BRONZE,0.37555048683059694,0.676522133283207,0.07293697079486716,3,C90700
G-30,0.9987007572074322,0.9987007572074322,0.0,1,N06030
GOLD,0.25,0.8328759258528349,0.06654134848496301,53,P00016
GRAY CAST IRON,0.6084750807294722,0.9187779605082323,0.011047528211455162,12,F10001
GRAY CAST IRON (1 5 NI),0.8161204806932402,0.8187432743005794,1.3758092613399235e-05,2,
HAFNIUM,0.8748793102046425,0.9830319196774143,0.001409481501949152,27,
HASTELLOY ALLOY B-2 HAYNES INTERNATIONAL,0.991473160522178,0.9948524082143939,3.5685359266707136e-06,5,N10665
HASTELLOY ALLOY B-2 HAYNES INTERNATIONAL INC,0.8481930052117768,0.9054675125094153,0.0017500436955688113,13,N10665
HASTELLOY ALLOY C HAYNES INTERNATIONAL,0.29414587455303176,0.29414587455303176,0.0,1,
HASTELLOY ALLOY C-4 HAYNES INTERNATIONAL INC,0.7806197914645099,0.7839129955506735,1.2730923537149675e-05,3,N06455
HASTELLOY ALLOY D HAYNES INTERNATIONAL,0.9116518111250529,0.9594812292101178,0.0017809814453583065,3,
HASTELLOY ALLOY G HAYNES INTERNATIONAL INC,0.5159907873468595,0.8126836612019595,0.04028465467582359,10,N06007
HASTELLOY ALLOY S HAYNES INTERNATIONAL,0.9175110654168201,0.9388818166029738,0.0009134180125209721,2,N06635
HASTELLOY ALLOY X HAYNES INTERNATIONAL,0.7725191896008312,0.8568861578860169,0.010042600388220179,3,N06002
HASTELLOY B HAYNES INTERNATIONAL,0.4536958096060714,0.877527022838045,0.015551168070871221,54,N10001
HASTELLOY B-2 HAYNES INTERNATIONAL,0.7343611355735556,0.8731252880389164,0.010851402125632835,40,N10665
HASTELLOY C HAYNES INTERANTIONAL,0.744921859773347,0.744921859773347,0.0,1,
HASTELLOY C HAYNES INTERNATIONAL,0.4536958096060714,0.9147786926466449,0.012135587859138803,87,N10002
HASTELLOY C-276 HAYNES INTERNATIONAL,0.7343611355735556,0.9115808137520637,0.007547239300789117,53,N10276
HASTELLOY C-4 HAYNES INTERNATIONAL,0.6643856189774724,0.8398237239106893,0.00973400598178925,12,N06455
HASTELLOY D HAYNES INTERNATIONAL,0.6241963505817848,0.8856665029599927,0.018746297428357265,9,
HASTELLOY F HAYNES INTERNATIONAL,0.4013869212466589,0.7154524008972477,0.04516903639436059,7,N06001
HASTELLOY G HAYNES INTERNATIONAL,0.7343611355735556,0.9278820207887745,0.006740076891984613,21,N06007
HASTELLOY G-3 HAYNES INTERNATIONAL,0.7374490646291428,0.9384117823516118,0.007753839521808503,15,N06985
HASTELLOY G-30 HAYNES INTERNATIONAL,0.6084750807294722,0.8764048883592715,0.011069170784804612,39,N06030
HAVAR,0.33285387133565303,0.7580859779797464,0.1356220044058824,3,R30004
HAYNES ALLOY 188 HAYNES INTERNATIONAL,0.8144073848528454,0.9061230023895285,0.01682350900027027,2,R30188
HAYNES ALLOY 21 HAYNES INTERNATIONAL,0.9927322539042768,0.9927322539042768,0.0,1,R30021
HAYNES ALLOY 214 HAYNES INTERNATIONAL,0.6910095361682882,0.6910095361682882,0.0,1,
HAYNES ALLOY 25 HAYNES INTERNATIONAL,0.9975806030001843,0.9975806030001843,0.0,1,R30605
HAYNES ALLOY 556 HAYNES INTERNATIONAL,0.9566421290774022,0.9772403745018069,0.0008485754291280178,2,R30556
HAYNES ALLOY 6B HAYNES INTERNATIONAL,0.6357798046585488,0.792726633782253,0.034974345923854816,3,
HAYNES ALLOY 6B HAYNES INTERNATIONAL INC,0.29414587455303176,0.31422847395197284,0.0008066215972366952,2,
HAYNES ALLOY NO 188 HAYNES INTERNATIONAL,0.4626699381900465,0.7432839757819644,0.04143339260453598,4,R30188
HAYNES ALLOY NO 188 HAYNES INTERNATIONAL INC,0.3175390356236005,0.6180736887172701,0.11188421894294005,4,R30188
HAYNES ALLOY NO 21 HAYNES INTERNATIONAL,0.4434053967922575,0.4434053967922575,0.0,1,R30021
HAYNES ALLOY NO 214 HAYNES INTERNATIONAL,0.9266284080291267,0.9266284080291267,0.0,1,
HAYNES ALLOY NO 25 HAYNES INTERNATIONAL,0.4577305453272914,0.9581515537846395,0.012249268651758473,46,R30605
HAYNES ALLOY NO 25 HAYNES INTERNATIONAL INC,0.30520728144191867,0.6778462020113956,0.06477765426141556,26,R30605
HAYNES ALLOY NO 556 HAYNES INTERNATIONAL,0.6329980904609674,0.7888004483515557,0.02399302421841995,3,R30556
HAYNES ALLOY NO 556 HAYNES INTERNATIONAL INC,0.31054858180510897,0.6242395650594307,0.1180417234772836,4,R30556
HAYNES ALLOY NO 625 HAYNES INTERNATIONAL,0.43458798967609363,0.43458798967609363,0.0,1,N06625
HAYNES ALLOY NO 6B HAYNES INTERNATIONAL,0.4483402378845171,0.4483402378845171,0.0,1,
HAYNES NO 188 HAYNES INTERNATIONAL,0.838135431437072,0.9697398920139509,0.0034587983372533944,7,R30188
HAYNES NO 21 HAYNES INTERNATIONAL,0.9893899157238002,0.9893899157238002,0.0,1,R30021
HAYNES NO 25 HAYNES INTERNATIONAL,0.414083244786221,0.8865711133802259,0.031377206577779586,84,R30605
HAYNES NO 556 HAYNES INTERNATIONAL,0.3893775129223119,0.6845459638094623,0.09216049850652963,4,R30556
HAYNES NO 625 HAYNES INTERNATIONAL,0.8304820237218405,0.8304820237218405,0.0,1,N06625
HAYNES NO 6B HAYNES INTERNATIONAL,0.33455953689328705,0.6623902387944334,0.21494593821799657,2,
HF-17 3ZR,0.9978386199262116,0.9983777066215272,5.812289301327192e-07,2,
HF-2 9ZR,0.993575498846656,0.9957070593864338,9.08710066947574e-06,2,
HF-47 4ZR,0.9989167933168429,0.9989167933168429,0.0,2,
HF-59 5ZR,0.9989167933168429,0.9994583966584214,5.866683592180918e-07,2,
HF-81 4ZR,0.9989167933168429,0.9989167933168429,0.0,2,
HIGH PURITY LEAD,0.3396182322478276,0.7591334776469357,0.05029339729457777,29,L50001
HK31A,0.8725028695491559,0.8725028695491559,0.0,1,M13310
HM21A,0.8725028695491559,0.8725028695491559,0.0,1,M13210
HY-80,0.7660772596606911,0.774044371380116,0.00012694973829959275,2,
HYDRAULIC BRONZE,0.3638761213472617,0.7010720128894491,0.0885200669091715,3,
ILLIUM 98,0.877286031413336,0.9566989911499875,0.002102510163966,11,
ILLIUM G,0.6838083759938891,0.8919748050816986,0.010834144916452905,8,
IN-9021-T452,0.8342669566496491,0.8945603774041477,0.0016550267458090382,4,
INCO ALLOY C-276 INCO ALLOYS INTERNATIONAL INC INC,0.5430770124167981,0.5451558901564284,8.643465312661532e-06,2,N10276
INCO ALLOY G INCO ALLOYS INTERNATIONAL INC,0.24512549522957816,0.607877917552097,0.0987893736692965,7,N06007
INCO ALLOY G INCO ALLOYS INTERNATIONAL INC INC,0.31631875798484566,0.31631875798484566,0.0,1,N06007
INCO ALLOY G-3 INCO ALLOYS INTERNATIONAL INC,0.3705117131325855,0.5855123637220794,0.06392903921976258,12,N06985
INCO ALLOY G-3 INCO ALLOYS INTERNATIONAL INC INC,0.3368724083414862,0.3382453202946569,3.7697744623180467e-06,2,N06985
INCO C-276 INCO ALLOYS INTERNATIONAL INC,0.5265171996727485,0.7642614283628981,0.06886599105872508,4,N10276
INCOLOY 800,1.0,1.0,0.0,1,N08800
INCOLOY 800 INCO ALLOYS INTERNATIONAL INC,0.48351553818074344,0.9682391269922841,0.010499132384472065,30,N08800
INCOLOY 825 INCO ALLOYS INTERNATIONAL INC,0.6241963505817848,0.9508827071598632,0.006931612699423419,44,N08825
INCOLOY ALLOY 800 INCO ALLOYS INTERNATIONAL INC,0.8732126599952802,0.9659072253170199,0.0029223897263609016,7,N08800
INCOLOY ALLOY 800H INCO ALLOYS INTERNATIONAL INC,0.8304820237218405,0.8831960898893787,0.0017261611178185185,4,N08810
INCOLOY ALLOY 825 INCO ALLOYS INTERNATIONAL INC,0.40440699296371224,0.8568423055819845,0.028176399372363544,23,N08825
INCOLOY ALLOY 825 INCO ALLOYS INTERNATIONAL INC INC,0.7820114830995407,0.9017042134548249,0.00454438331720095,6,N08825
INCONEL 600 HAYNES INTERNATIONAL,0.4013869212466589,0.5994999199845685,0.028975101464031754,5,N06600
INCONEL 600 INCO ALLOYS INTERNATIONAL INC,0.29129302224118986,0.8895424486439044,0.03149067240855849,89,N06600
INCONEL 600 INCO INTERNATIONAL INC,0.2687459906480854,0.3121246487189905,0.003763415952064996,2,N06600
INCONEL 601,0.9991330307566524,0.9991330307566524,0.0,1,N06601
INCONEL 601 INCO ALLOYS INTERNATIONAL INC,0.500108651548693,0.9674212492373954,0.00820345978763344,43,N06601
INCONEL 617 INCO ALLOYS INTERNATIONAL INC,0.4269084346677318,0.8265178294253831,0.03276183910820812,47,N06617
INCONEL 625 INCO ALLOYS INTERNATIONAL INC,0.4458239130565268,0.7454184486867994,0.011972514287294643,19,N06625
INCONEL 671 INCO INTERNATIONAL INC,0.25361402564749563,0.25361402564749563,0.0,1,
INCONEL 690,0.9873254809439799,0.9873254809439799,0.0,1,N06690
INCONEL 690 INCO ALLOYS INTERNATIONAL INC,0.756304195516401,0.9666524124454745,0.0041031997554154,13,N06690
INCONEL 706 INCO ALLOYS INTERNATIONAL INC,0.6200458888731156,0.6200458888731156,0.0,1,N07702
INCONEL 718 INCO ALLOYS INTERNATIONAL INC,0.9461589647691411,0.9724298609882867,0.0013803199763142348,2,N07718
INCONEL ALLOY 601 INCO ALLOYS INTERNATIONAL INC,0.7492574295712849,0.8625677290988355,0.016015050359996213,3,N06601
INCONEL ALLOY 690 INCO ALLOYS INTERNATIONAL INC,0.9873254809439799,0.9873254809439799,0.0,2,N06690
IRIDIUM,0.9116518111250529,0.9915549510319149,0.0006692193539138656,22,
JESSOP JS700 JESSOP STEEL CO,0.6200458888731156,0.8993600567441462,0.017152798896548728,10,N08700
JESSOP JS700 JESSOP STEEL COMPANY,0.32837239496955695,0.6314697748749005,0.08332591562019177,5,N08700
JS700,0.240116203798801,0.44928974242427727,0.02442647153968412,4,N08700
JS777,0.4013869212466589,0.5672031008149528,0.05453460022463319,3,N08777
KOVAR (29NI-16CO),0.5316848007182561,0.781141877116899,0.007038061579481267,19,
LEAD,0.25,0.8514938242759023,0.03160780429931681,93,L50045
LEAD (99 999 ),0.8195995172906113,0.9231881157000605,0.005978940415475603,18,L50001
LEAD 1 6 SB,0.9999565746089839,0.9999565746089839,0.0,1,
LEAD 1 SB,0.9997395692944301,0.9998077559100329,3.676367018433651e-09,7,
LEAD 6 ANITMONIAL,0.5557591642691968,0.7366853910923545,0.013532173128323636,23,L53110
LEAD 6 ANTIMONIAL,0.4595395509441786,0.7002925040389062,0.014780659582038532,30,L53110
LEAD 6 SB,0.9995661108621847,0.999609475470246,7.521956929255043e-09,4,L53110
LEAD 99 95,0.9991763024314001,0.9992628841170014,8.748291421171433e-09,4,L50045
LEAD 99 96,0.999609463328569,0.999609463328569,0.0,1,L50045
LEAD CHEMICAL,0.6643856189774724,0.9437762547977443,0.012898542139885569,18,L51120
LOW ALLOY STEEL,0.6769924925288455,0.8553090056308119,0.023850445991276854,3,
LOW CARBON STEEL,0.5623818557528477,0.775885885738324,0.09116794164007827,2,G10100
LOW CARBON STEEL - 0 27 CU,0.993575498846656,0.993575498846656,0.0,1,K12810
LOW CARBON STEEL-0 27 CU,0.9427755595944493,0.9660827376591248,0.0010864490986769789,2,K12810
LOW-CARBON STEEL,0.46800691460129545,0.8975177046087828,0.02287885607242796,14,G10100
M1A,0.7966397701969122,0.7966397701969122,0.0,1,
MAGNESIUM,0.25,0.7084974678312678,0.11911107760716917,86,
MAGNESIUM ALLOY AZ61A,0.5456999379736752,0.8192362998152184,0.029930835654864603,8,M11610
MAGNESIUM AND ALLOYS,0.25,0.25,0.0,1,
MAGNESIUM G,0.4607739209084347,0.4607739209084347,0.0,1,
MF-1 CARBON STEEL,0.9873254809439799,0.99155032062932,5.354781110047245e-05,3,
MILD STEEL,0.7483576064939353,0.9544105395036263,0.004435467613118308,13,G10100
MOLYBDENUM,0.9266284080291267,0.9611628140832873,0.0023852504030272862,2,
MONEL 400,0.34136462737440865,0.7428073771583069,0.06377442733082453,18,N04400
MONEL 400 HAYNES INTERNATIONAL,0.4013869212466589,0.5690873685345567,0.028729620885423128,6,N04400
MONEL 400 INCO ALLOYS INTERNATIONAL INC,0.25,0.9352754005678817,0.019297819769300367,101,N04400
MONEL 400 INCO ALLOYS INTERNATIONAL INC INC,0.756304195516401,0.775455566530368,0.0007900585434233917,3,N04400
MONEL K-500 INCO ALLOY INTERNATIONAL INC,0.8725028695491559,0.8725028695491559,0.0,1,N05500
MONEL K-500 INCO ALLOYS INTERNATIONAL INC,0.4659554245485504,0.9059935973095213,0.046511806704541886,6,N05500
MONIT,,,0.0,0,S44635
MP35N,0.46800691460129545,0.8128218437530864,0.08924266042062326,3,R30035
MULTIMET,0.412949445986653,0.8142496794899192,0.05974647485330555,29,R30155
MULTIMET HAYNES INTERNATIONAL,0.412949445986653,0.8906008447210305,0.04052740261397658,78,R30155
MULTIMET INCO ALLOYS INTERNATIONAL INC,0.7323389228356325,0.8194842828285518,0.013184891879688458,3,R30155
MUNTZ METAL,0.25,0.5682455297011516,0.09768167056765582,96,C28000
NAVAL BRASS,0.25,0.5868421052631579,0.09676651735722287,95,C46400
NI-20CR-1SI,0.4536958096060714,0.649028169669046,0.022279818506656102,4,N06009
NI-27 CR,0.3608998227975916,0.36890070356264454,0.00012802818603318867,2,
NI-27 CR-4 AL,0.43883638827026494,0.44626609893816815,0.00011040120121751038,2,
NI-30-19P,0.48986165536421117,0.745586137913872,0.06542679932292556,4,
NI-AL BRONZE,0.9329385073952491,0.9329385073952491,0.0,1,C63000
NI-CR-MO,0.9116518111250529,0.9116518111250529,0.0,2,J02500
NI-RESIST I,0.9714549827555224,0.9753526768897733,3.038403912834681e-05,2,F41000
NI-RESIST TYPE 1,0.4483402378845171,0.4483402378845171,0.0,1,F41000
NI-RESIST TYPE 2,0.4170246112844971,0.7139179388554854,0.038058741344715326,6,F41002
NI-RESIST TYPE 3,0.6121942524106965,0.917188080893938,0.01943164647331143,11,F41004
NI-RESIST TYPE 4,0.4595395509441786,0.4595395509441786,0.0,1,F41005
NI-RESIST TYPE1,0.4112918086306602,0.5779562463003514,0.013599390576581579,16,F41000
NI-RESIST TYPE2,0.3522554274768786,0.47911781551421967,0.013645056431410096,7,F41002
NI-RESIST TYPED2,0.39705954537956056,0.39705954537956056,0.0,1,F43000
NICKEL,0.43458798967609363,0.8990914724578921,0.05193147203117336,6,N02200
NICKEL -SILVER,1.0,1.0,0.0,1,
NICKEL 200,0.25,0.9210917973675521,0.018089240895515075,230,N02200
NICKEL 201,0.4013869212466589,0.7264370993615683,0.03314820827986077,20,N02201
NICKEL 400,0.6254728157127875,0.9505072666779879,0.013055848726791169,20,N04400
NICKEL 600,0.9991330307566524,0.9994506956328486,1.0575983399681245e-07,3,N06600
NICKEL 625,0.8748793102046425,0.9554245834931795,0.004865655786843825,3,N06625
NICKEL 825,0.99349103510689,0.99349103510689,0.0,1,N08825
NICKEL ALLOY,0.9997829541468991,0.9997829541468991,0.0,2,N10001
NICKEL ALLOY B,0.8231510589669936,0.9068683547642455,0.003163513787345819,9,N10001
NICKEL ALLOY C,0.9691685472112547,0.9906078718632411,0.00013868653737307565,12,N10002
NICKEL B-2,0.9873254809439799,0.9912558522677506,3.0895637485438415e-05,2,N10665
NICKEL BRONZE (88 5CU-5SN-5NI-1 5SI),0.6200458888731156,0.6200458888731156,0.0,1,C94700
NICKEL C-276,0.9952713111454883,0.9959969644364295,1.053145397307773e-06,2,N10276
NICKEL C-4,0.9997829541468991,0.9997829541468991,0.0,1,N06455
NICKEL G,0.9873254809439799,0.9912983960447341,3.1568108795601576e-05,2,N06007
NICKEL G-2,0.9978386199262116,0.9978386199262116,0.0,1,N06975
NICKEL G-3,0.993575498846656,0.993575498846656,0.0,1,N06985
NICKEL SILVER,0.25,0.8166666666666667,0.09345238095238093,15,
NICKEL- SILVER,0.25,0.7980769230769231,0.06136877828054299,52,
NICKEL- SILVER 55-18,0.6329980904609674,0.6329980904609674,0.0,1,C77000
NICKEL- SILVER 65-18,0.6241963505817848,0.6241963505817848,0.0,1,C74500
NICKEL- SILVER 75-20,0.7067270923753284,0.7067270923753284,0.0,1,C73200
NICKEL-20CR,1.0,1.0,0.0,1,
NICKEL-SILVER,0.25,0.7788461538461539,0.056634615384615394,26,
NICKEL-SILVER 18 N,1.0,1.0,0.0,2,
NICKEL-SILVER 18 NI,1.0,1.0,0.0,1,
NIMONIC ALLOY 75,0.744921859773347,0.8646354795826624,0.01003802959786103,4,
NIOBIUM,0.4013869212466589,0.8976640872335797,0.022800184989527555,146,R04210
NIOBIUM ALLOY,0.6724323818751058,0.8345432503925921,0.007073696801859695,7,
NIOBIUM-25TA,0.43062255242977826,0.9101117363370127,0.026195165248089392,21,
NITRONIC 50,,,0.0,0,S20910
OFE COPPER,0.991473160522178,0.991473160522178,0.0,1,C10100
OSMIUM,0.25,0.7263661148010278,0.08325428912825895,15,
OXYGEN FREE EXTRA LOW PHOSPHORUS COPPER,0.802882239451631,0.9385257966163121,0.003335395836653381,10,C10300
PALLADIUM,0.25,0.6730816975767141,0.09508107893749651,15,P03980
PHOSPHOR BRONZE,0.6986344247631282,0.7706235407831947,0.005733741172085176,5,C51100
PHOSPHOR BRONZE 5,1.0,1.0,0.0,2,C51000
PHOSPHOR BRONZE 5 SN,0.23903118555382596,0.7569003855581631,0.06525062046732086,103,C51000
PHOSPHOR BRONZE 8,1.0,1.0,0.0,1,C52100
PHOSPHOR BRONZE 8 SN,0.25,0.7954190816600784,0.0655002175956917,99,C52100
PHOSPHOR BRONZE- 5 SN,0.75,0.75,0.0,1,C51000
PHOSPHOR BRONZE- 8 SN,0.75,0.75,0.0,1,C52100
PHOSPHOR COPPER,0.25,0.7757731958762887,0.06313090635738833,97,C12200
PHOSPHOR DEOXIDIZED COPPER,0.26862700464496647,0.7561376974839294,0.05428533271425526,12,C14200
PLATINUM,0.25,0.9116324616000792,0.02812115693168121,85,P04995
PLATNIUM,0.9792503710240241,0.9792503710240241,0.0,4,P04995
PURE AL,0.9394452483054478,0.9877605845206516,0.00038202303574229286,9,A91199
PURE TITANIUM,0.32672287568395414,0.6067737791228663,0.05197075632438487,8,
RED BRASS,0.25,0.7916788246258649,0.05900382753765505,110,C23000
REMANIT 2800,0.9999891428915452,0.9999891428915452,0.0,1,
RHODIUM,0.6643856189774724,0.9720759265571884,0.0051823579975382285,25,P05990
RUTHENIUM,0.5,0.9173242501189824,0.026705250877431048,21,
SANICRO 28,0.34319282241791993,0.7951000896516689,0.0443673356372917,27,N08028
SEA-CURE,,,0.0,0,S44660
SILICON BRONZE,0.35902390712593446,0.8115671609153022,0.052224724456024975,7,C65500
SILICON BRONZE HIGH,0.25,0.7994424712168483,0.056424372323602354,119,C65500
SILICON BRONZE LOW,0.25,0.7757731958762887,0.06313090635738833,97,C65100
SILVER,0.25,0.8799210171414954,0.05455348182393811,169,P07010
SOLDER (SN-50PB),0.9695479867189051,0.9695479867189051,0.0,1,L55030
SOLDER (SN-60PB ON CU),0.9952713111454883,0.9952713111454883,0.0,1,L13600
STEEL,0.6769924925288455,0.9199848256082722,0.013674935542469733,15,G10100
STELLITE 6,0.9832519361552844,0.9832519361552844,0.0,1,
STRUCTURAL CARBON STEEL,0.9175110654168201,0.9815768085119955,0.0006199056553222356,25,G10100
STRUCTURAL COPPER STEEL,0.9461589647691411,0.9904397028651513,0.00025110610625515823,22,K12810
STRUCTURAL STEEL,0.8044806038373891,0.8541431627430912,0.002030018697885173,3,G10100
T-317L,0.9873254809439799,0.9873254809439799,0.0,1,S31703
TA-MO ALLOY,0.9987007572074322,0.9994803028829728,4.501418224104775e-07,10,
TA-MO ALLOY (0 TA),0.9978386199262116,0.9978386199262116,0.0,1,
TA-MO ALLOY (10 1 TA),0.9978386199262116,0.9978386199262116,0.0,1,
TA-MO ALLOY (20 1 TA),0.9978386199262116,0.9978386199262116,0.0,1,
TA-MO ALLOY (30 0 TA),0.9987007572074322,0.9987007572074322,0.0,1,
TA-MO ALLOY (40 0 TA),0.9987007572074322,0.9987007572074322,0.0,1,
TA-MO ALLOY (50 0 TA),0.9987007572074322,0.9987007572074322,0.0,1,
TA-MO ALLOY (61 2 TA),0.9987007572074322,0.9987007572074322,0.0,1,
TA-MO ALLOY (82 8 TA),0.9987007572074322,0.9987007572074322,0.0,1,
TA-MO ALLOY (91 4 TA),0.9987007572074322,0.9987007572074322,0.0,1,
TAC-4CO-3NI-1CR,0.9987007572074322,0.9987007572074322,0.0,2,
TANTALUM,0.25,0.9371914298764584,0.03300445610123717,134,R05210
TANTALUM COMMERCIAL SHEET,0.9893899157238002,0.9893899157238002,0.0,4,R05210
TANTALUM HIGH PURITY,0.9893899157238002,0.9893899157238002,0.0,4,R05210
TI-10-2-3,0.744921859773347,0.8865844322746518,0.01410369932202378,6,
TI-3-8-6-4-4,0.6014104886149799,0.8875545818771652,0.019626746247926912,15,R58640
TI-3AL-2 5V,0.3471241605772494,0.8369498782443356,0.0564629202250498,12,
TI-3AL-2 5V ASTM GRADE 9,0.8725028695491559,0.8725028695491559,0.0,1,
TI-3AL-2 5V GRADE 9,0.5623818557528477,0.9143640914173252,0.023283173330109524,10,
TI-550,0.756304195516401,0.8889745465857963,0.008881880244434448,8,
TI-5TA,0.6160483210529383,0.9013382694562022,0.02566978724621788,8,
TI-6-2-1- 8,1.0,1.0,0.0,1,
TI-6-2-1-0 8,0.7598955428230338,0.8893950887158314,0.00864798925437599,6,
TI-6-2-4-6,0.5476226924115957,0.8538498948153939,0.03256487238611854,9,R56260
TI-6-4,0.9995661108621847,0.9996745831466385,4.706494597852173e-08,4,R56400
TI-6-4 GRADE 5,0.6466035652395312,0.8235536959360092,0.030133381972197688,3,R56400
TIN,0.25,0.5606795355419788,0.1297579580657576,203,
TIN (99 2),0.9956972201374479,0.9956972201374479,0.0,1,L13014
TIN (99 75),0.9956972201374479,0.9956972201374479,0.0,1,L13008
TIN BRASS,0.9989167933168429,0.9995231674765417,2.3274362381061616e-07,5,C44200
TIN HARD,1.0,1.0,0.0,3,
TIN SOFT,1.0,1.0,0.0,3,
TITANIUM,0.25,0.9150296679477279,0.026645945954037704,516,
TITANIUM + 0 4PD,0.6241963505817848,0.8017233608029044,0.06303167871609905,2,
TITANIUM + 0 54PD,0.9714549827555224,0.9714549827555224,0.0,1,
TITANIUM + 0 54PT,0.9792503710240241,0.9792503710240241,0.0,1,
TITANIUM D-4,0.9718383546484143,0.9782510888935564,3.761986938906273e-05,3,
TITANIUM D-5,0.9650371442379205,0.9650371442379205,0.0,1,
TITANIUM GRADE 1,0.24117084769457908,0.7566207444572624,0.1196212368926743,4,R50250
TITANIUM GRADE 12,0.25,0.9332078863163178,0.022007399064219356,59,R53400
TITANIUM GRADE 16,1.0,1.0,0.0,9,
TITANIUM GRADE 18,1.0,1.0,0.0,9,
TITANIUM GRADE 2,0.25,0.7379335609997877,0.10590876731983614,33,R50400
TITANIUM GRADE 5,0.5129809820463254,0.851523520201924,0.03664739511177079,6,R56400
TITANIUM GRADE 7,0.40369440861835026,0.9437922017790453,0.01085480800645676,97,R52400
TITANIUM GRADE 9,0.49785916284315224,0.8812186184438185,0.0223090300702128,44,
TITANIUM UNALLOYED,0.9808424938355541,0.9960391922237899,2.3517442669575534e-05,16,
TRANSAGE 207,0.4504285198486958,0.802044159925041,0.04721169756872871,8,
TUNGSTEN,,,0.0,0,
UDDEHOLM ALLOY 904L,0.9329385073952491,0.9760635554925731,0.0013959822621336009,3,N08904
UNALLOYED GRAY CAST IRON F10001,0.7820114830995407,0.7973614961957498,0.0004712458041075847,2,
UNALLOYED TITANIUM,0.9995661108621847,0.9995661108621847,0.0,4,
WC-2TAC-3TIC,0.9987007572074322,0.9987007572074322,0.0,2,
WC-5TAC,0.9987007572074322,0.9987007572074322,0.0,2,
WC-6CO,0.9987007572074322,0.9987007572074322,0.0,2,
WC-8NI-2MO-3CR,0.9987007572074322,0.9987007572074322,0.0,2,
WC-9CO,0.9987007572074322,0.9987007572074322,0.0,2,
WHITE IRON,0.5947986391060673,0.5947986391060673,0.0,1,F45000
WORTHITE,0.6133359318238177,0.8676665327344356,0.014079432692775196,16,J95150
YELLOW BRASS,0.812711509291959,0.812711509291959,0.0,1,C27000
ZINC,0.6285099898418801,0.9315833308148548,0.0060800287559937645,53,Z13001
ZINC 99 97,0.7686217868402407,0.8648663574088248,0.006363711333603858,7,Z13001
ZIRCALOY 2,0.5080054164221279,0.7460919856270603,0.027230542298293345,5,R60802
ZIRCONIUM,0.25,0.8403211615419669,0.07476204173079116,26,R60701
ZK60A,0.7067270923753284,0.7067270923753284,0.0,1,
ZR702,0.25,0.9297821116447994,0.01489084835987862,190,R60702
ZR704,0.7343611355735556,0.8515830500970316,0.015018084434203797,16,R60704
ZR705,0.5623818557528477,0.9071755449448188,0.01565378342769662,51,R60705
ZR7O2,0.9792503710240241,0.9792503710240241,0.0,1,R60702
